filename,width,height,class,xmin,ymin,xmax,ymax
001.png,500,500,semblance,116,83,263,105
001.png,500,500,semblance,126,21,236,42
001.png,500,500,semblance,128,45,266,71
001.png,500,500,semblance,192,123,315,141
001.png,500,500,semblance,199,145,353,166
001.png,500,500,semblance,208,177,347,206
001.png,500,500,semblance,263,215,398,232
001.png,500,500,semblance,265,250,407,272
001.png,500,500,semblance,349,293,442,319
001.png,500,500,semblance,348,325,486,343
001.png,500,500,semblance,356,351,486,381
001.png,500,500,semblance,403,390,499,420
001.png,500,500,semblance,406,429,500,456
001.png,500,500,semblance,429,465,500,489
002.png,500,500,semblance,70,6,174,22
002.png,500,500,semblance,119,25,233,36
002.png,500,500,semblance,130,44,269,61
002.png,500,500,semblance,132,73,263,101
002.png,500,500,semblance,199,118,308,142
002.png,500,500,semblance,193,143,344,166
002.png,500,500,semblance,197,182,344,205
002.png,500,500,semblance,250,215,413,232
002.png,500,500,semblance,271,244,399,271
002.png,500,500,semblance,335,290,382,305
002.png,500,500,semblance,360,303,451,316
002.png,500,500,semblance,351,321,489,340
002.png,500,500,semblance,351,356,486,381
002.png,500,500,semblance,399,395,500,415
002.png,500,500,semblance,412,430,500,454
002.png,500,500,semblance,418,457,454,470
002.png,500,500,semblance,433,468,500,486
003.png,500,500,semblance,134,18,229,39
003.png,500,500,semblance,136,45,266,59
003.png,500,500,semblance,142,79,270,106
003.png,500,500,semblance,217,122,291,140
003.png,500,500,semblance,208,147,338,162
003.png,500,500,semblance,228,177,337,206
003.png,500,500,semblance,282,214,404,230
003.png,500,500,semblance,279,245,400,272
003.png,500,500,semblance,360,297,452,316
003.png,500,500,semblance,359,323,483,343
003.png,500,500,semblance,366,357,486,380
003.png,500,500,semblance,412,393,500,416
003.png,500,500,semblance,419,425,500,458
003.png,500,500,semblance,444,465,500,487
004.png,500,500,semblance,147,17,233,38
004.png,500,500,semblance,134,42,269,62
004.png,500,500,semblance,144,73,272,101
004.png,500,500,semblance,217,119,300,142
004.png,500,500,semblance,220,145,347,164
004.png,500,500,semblance,242,176,347,202
004.png,500,500,semblance,279,209,413,232
004.png,500,500,semblance,289,244,414,273
004.png,500,500,semblance,363,296,452,316
004.png,500,500,semblance,359,325,486,341
004.png,500,500,semblance,369,359,493,381
004.png,500,500,semblance,410,396,500,413
004.png,500,500,semblance,421,426,500,454
004.png,500,500,semblance,441,463,500,487
005.png,500,500,semblance,130,19,228,38
005.png,500,500,semblance,119,45,266,62
005.png,500,500,semblance,139,71,265,103
005.png,500,500,semblance,201,118,286,141
005.png,500,500,semblance,205,146,336,164
005.png,500,500,semblance,238,180,343,204
005.png,500,500,semblance,273,213,399,230
005.png,500,500,semblance,277,242,402,269
005.png,500,500,semblance,356,294,452,316
005.png,500,500,semblance,366,326,481,342
005.png,500,500,semblance,387,358,489,380
005.png,500,500,semblance,410,392,500,416
005.png,500,500,semblance,416,429,500,452
005.png,500,500,semblance,437,467,500,486
006.png,500,500,semblance,137,20,237,43
006.png,500,500,semblance,128,45,270,63
006.png,500,500,semblance,146,74,279,105
006.png,500,500,semblance,214,122,309,142
006.png,500,500,semblance,206,145,350,163
006.png,500,500,semblance,229,177,361,203
006.png,500,500,semblance,273,212,408,233
006.png,500,500,semblance,286,246,415,271
006.png,500,500,semblance,358,301,440,319
006.png,500,500,semblance,357,324,498,342
006.png,500,500,semblance,386,355,493,383
006.png,500,500,semblance,406,393,500,420
006.png,500,500,semblance,426,427,500,454
006.png,500,500,semblance,440,468,500,487
007.png,500,500,semblance,137,19,228,41
007.png,500,500,semblance,134,46,273,65
007.png,500,500,semblance,166,77,287,100
007.png,500,500,semblance,217,120,306,143
007.png,500,500,semblance,207,148,347,163
007.png,500,500,semblance,233,177,352,203
007.png,500,500,semblance,273,212,415,232
007.png,500,500,semblance,299,245,421,271
007.png,500,500,semblance,362,298,444,322
007.png,500,500,semblance,360,323,499,342
007.png,500,500,semblance,381,354,493,382
007.png,500,500,semblance,409,398,500,415
007.png,500,500,semblance,441,433,500,451
007.png,500,500,semblance,445,469,500,483
008.png,500,500,semblance,149,3,203,16
008.png,500,500,semblance,146,25,228,42
008.png,500,500,semblance,138,45,276,62
008.png,500,500,semblance,156,76,300,100
008.png,500,500,semblance,218,123,303,142
008.png,500,500,semblance,216,148,347,163
008.png,500,500,semblance,238,180,357,202
008.png,500,500,semblance,282,212,415,232
008.png,500,500,semblance,297,247,435,267
008.png,500,500,semblance,366,299,449,316
008.png,500,500,semblance,367,323,500,339
008.png,500,500,semblance,386,358,500,378
008.png,500,500,semblance,415,396,500,416
008.png,500,500,semblance,432,433,500,455
008.png,500,500,semblance,453,470,500,484
009.png,500,500,semblance,108,3,215,17
009.png,500,500,semblance,112,25,219,39
009.png,500,500,semblance,131,46,270,61
009.png,500,500,semblance,153,73,294,101
009.png,500,500,semblance,214,124,296,141
009.png,500,500,semblance,203,148,343,163
009.png,500,500,semblance,225,177,365,200
009.png,500,500,semblance,271,213,408,228
009.png,500,500,semblance,295,246,441,268
009.png,500,500,semblance,329,281,419,295
009.png,500,500,semblance,361,302,437,317
009.png,500,500,semblance,357,325,491,340
009.png,500,500,semblance,381,354,500,377
009.png,500,500,semblance,412,397,500,414
009.png,500,500,semblance,422,431,500,453
009.png,500,500,semblance,442,468,500,485
010.png,500,500,semblance,103,2,212,15
010.png,500,500,semblance,112,22,223,38
010.png,500,500,semblance,136,46,277,64
010.png,500,500,semblance,160,79,302,100
010.png,500,500,semblance,216,106,274,116
010.png,500,500,semblance,224,127,299,140
010.png,500,500,semblance,218,148,344,161
010.png,500,500,semblance,234,176,365,202
010.png,500,500,semblance,273,213,415,231
010.png,500,500,semblance,298,243,433,270
010.png,500,500,semblance,324,281,412,293
010.png,500,500,semblance,363,302,438,315
010.png,500,500,semblance,361,324,489,341
010.png,500,500,semblance,382,357,500,377
010.png,500,500,semblance,408,400,500,414
010.png,500,500,semblance,431,431,500,453
010.png,500,500,semblance,447,467,500,485
011.png,500,500,semblance,95,2,246,21
011.png,500,500,semblance,129,22,229,36
011.png,500,500,semblance,111,42,274,60
011.png,500,500,semblance,139,73,276,101
011.png,500,500,semblance,159,100,310,120
011.png,500,500,semblance,200,122,302,138
011.png,500,500,semblance,184,143,368,161
011.png,500,500,semblance,201,174,351,202
011.png,500,500,semblance,247,208,418,229
011.png,500,500,semblance,273,241,411,271
011.png,500,500,semblance,319,277,456,296
011.png,500,500,semblance,356,298,446,313
011.png,500,500,semblance,341,319,496,338
011.png,500,500,semblance,356,350,492,382
011.png,500,500,semblance,384,390,500,413
011.png,500,500,semblance,405,429,500,452
011.png,500,500,semblance,390,458,454,467
011.png,500,500,semblance,428,468,500,483
012.png,500,500,semblance,83,3,239,21
012.png,500,500,semblance,129,22,235,36
012.png,500,500,semblance,118,42,283,60
012.png,500,500,semblance,141,72,285,102
012.png,500,500,semblance,169,100,316,122
012.png,500,500,semblance,208,122,308,138
012.png,500,500,semblance,189,142,346,162
012.png,500,500,semblance,215,172,347,203
012.png,500,500,semblance,250,207,418,229
012.png,500,500,semblance,281,241,417,270
012.png,500,500,semblance,322,277,459,297
012.png,500,500,semblance,359,299,448,316
012.png,500,500,semblance,340,320,500,339
012.png,500,500,semblance,361,351,497,380
012.png,500,500,semblance,389,395,500,413
012.png,500,500,semblance,416,429,500,452
012.png,500,500,semblance,389,458,447,467
012.png,500,500,semblance,434,466,500,481
013.png,500,500,semblance,136,19,212,37
013.png,500,500,semblance,132,44,260,58
013.png,500,500,semblance,160,74,252,97
013.png,500,500,semblance,212,119,280,136
013.png,500,500,semblance,202,146,332,160
013.png,500,500,semblance,241,175,325,196
013.png,500,500,semblance,264,210,397,227
013.png,500,500,semblance,312,242,387,264
013.png,500,500,semblance,361,296,431,315
013.png,500,500,semblance,349,323,483,338
013.png,500,500,semblance,396,355,473,372
013.png,500,500,semblance,395,396,500,413
013.png,500,500,semblance,448,429,500,447
013.png,500,500,semblance,441,468,500,482
014.png,500,500,semblance,130,22,221,39
014.png,500,500,semblance,127,44,260,59
014.png,500,500,semblance,178,74,252,96
014.png,500,500,semblance,219,118,284,137
014.png,500,500,semblance,204,145,338,161
014.png,500,500,semblance,257,177,328,195
014.png,500,500,semblance,264,210,405,228
014.png,500,500,semblance,317,245,394,262
014.png,500,500,semblance,379,302,435,312
014.png,500,500,semblance,344,321,484,336
014.png,500,500,semblance,399,354,481,373
014.png,500,500,semblance,402,394,500,411
014.png,500,500,semblance,453,430,500,446
014.png,500,500,semblance,450,469,500,483
015.png,500,500,semblance,151,1,203,15
015.png,500,500,semblance,141,22,218,36
015.png,500,500,semblance,121,45,265,59
015.png,500,500,semblance,176,74,274,101
015.png,500,500,semblance,220,122,287,139
015.png,500,500,semblance,199,146,343,160
015.png,500,500,semblance,247,175,353,196
015.png,500,500,semblance,260,209,407,226
015.png,500,500,semblance,315,245,409,264
015.png,500,500,semblance,378,280,418,289
015.png,500,500,semblance,371,299,435,316
015.png,500,500,semblance,348,321,486,338
015.png,500,500,semblance,402,353,500,377
015.png,500,500,semblance,399,396,500,414
015.png,500,500,semblance,450,428,500,450
015.png,500,500,semblance,447,467,500,483
016.png,500,500,semblance,134,3,202,11
016.png,500,500,semblance,136,22,216,38
016.png,500,500,semblance,117,44,257,60
016.png,500,500,semblance,163,74,273,100
016.png,500,500,semblance,169,101,276,115
016.png,500,500,semblance,207,122,281,137
016.png,500,500,semblance,191,144,337,161
016.png,500,500,semblance,235,174,345,197
016.png,500,500,semblance,261,209,389,229
016.png,500,500,semblance,311,242,406,265
016.png,500,500,semblance,350,277,419,292
016.png,500,500,semblance,364,301,435,317
016.png,500,500,semblance,347,321,479,338
016.png,500,500,semblance,395,351,492,380
016.png,500,500,semblance,396,395,500,412
016.png,500,500,semblance,441,428,500,451
016.png,500,500,semblance,439,467,500,484
017.png,500,500,semblance,98,3,219,15
017.png,500,500,semblance,132,22,212,36
017.png,500,500,semblance,124,45,257,59
017.png,500,500,semblance,149,76,275,102
017.png,500,500,semblance,221,101,284,111
017.png,500,500,semblance,212,122,285,139
017.png,500,500,semblance,199,145,335,160
017.png,500,500,semblance,249,174,351,194
017.png,500,500,semblance,263,213,398,227
017.png,500,500,semblance,320,242,416,267
017.png,500,500,semblance,322,279,429,292
017.png,500,500,semblance,370,299,441,316
017.png,500,500,semblance,342,324,479,338
017.png,500,500,semblance,399,353,500,377
017.png,500,500,semblance,396,392,500,413
017.png,500,500,semblance,456,428,500,451
017.png,500,500,semblance,448,467,500,483
018.png,500,500,semblance,96,1,228,16
018.png,500,500,semblance,141,22,215,38
018.png,500,500,semblance,117,44,249,60
018.png,500,500,semblance,175,72,283,93
018.png,500,500,semblance,223,100,274,111
018.png,500,500,semblance,211,124,284,138
018.png,500,500,semblance,195,145,337,161
018.png,500,500,semblance,253,174,348,198
018.png,500,500,semblance,259,212,387,227
018.png,500,500,semblance,321,241,412,262
018.png,500,500,semblance,321,280,421,292
018.png,500,500,semblance,368,300,444,316
018.png,500,500,semblance,346,323,472,339
018.png,500,500,semblance,403,351,495,372
018.png,500,500,semblance,397,394,500,410
018.png,500,500,semblance,446,429,500,448
018.png,500,500,semblance,447,467,500,483
019.png,500,500,semblance,94,3,197,17
019.png,500,500,semblance,141,22,218,38
019.png,500,500,semblance,84,45,263,60
019.png,500,500,semblance,152,74,286,98
019.png,500,500,semblance,185,102,279,116
019.png,500,500,semblance,215,121,292,138
019.png,500,500,semblance,199,144,331,160
019.png,500,500,semblance,256,174,358,199
019.png,500,500,semblance,263,211,399,228
019.png,500,500,semblance,320,240,423,267
019.png,500,500,semblance,315,279,423,293
019.png,500,500,semblance,370,302,440,315
019.png,500,500,semblance,346,319,486,338
019.png,500,500,semblance,402,353,500,374
019.png,500,500,semblance,387,395,500,411
019.png,500,500,semblance,460,429,500,451
019.png,500,500,semblance,444,467,500,485
020.png,500,500,semblance,105,3,204,14
020.png,500,500,semblance,148,23,224,37
020.png,500,500,semblance,91,45,270,61
020.png,500,500,semblance,159,74,288,95
020.png,500,500,semblance,189,103,281,113
020.png,500,500,semblance,217,124,296,139
020.png,500,500,semblance,202,145,337,161
020.png,500,500,semblance,265,174,360,198
020.png,500,500,semblance,271,211,404,229
020.png,500,500,semblance,331,244,425,261
020.png,500,500,semblance,328,278,430,293
020.png,500,500,semblance,366,303,444,316
020.png,500,500,semblance,353,323,494,337
020.png,500,500,semblance,416,352,500,376
020.png,500,500,semblance,405,393,500,415
020.png,500,500,semblance,462,428,500,451
020.png,500,500,semblance,438,470,500,484
021.png,500,500,semblance,94,8,164,21
021.png,500,500,semblance,134,19,217,37
021.png,500,500,semblance,117,41,279,58
021.png,500,500,semblance,126,72,276,102
021.png,500,500,semblance,169,115,202,123
021.png,500,500,semblance,220,121,292,136
021.png,500,500,semblance,181,142,352,163
021.png,500,500,semblance,200,172,344,201
021.png,500,500,semblance,258,209,409,230
021.png,500,500,semblance,267,241,413,268
021.png,500,500,semblance,323,293,364,303
021.png,500,500,semblance,373,300,434,314
021.png,500,500,semblance,339,319,500,337
021.png,500,500,semblance,353,351,490,380
021.png,500,500,semblance,383,394,500,413
021.png,500,500,semblance,402,427,500,451
021.png,500,500,semblance,400,458,463,467
021.png,500,500,semblance,442,467,500,483
022.png,500,500,semblance,99,5,147,19
022.png,500,500,semblance,137,22,224,37
022.png,500,500,semblance,113,40,279,61
022.png,500,500,semblance,128,74,278,100
022.png,500,500,semblance,167,116,189,123
022.png,500,500,semblance,212,122,286,137
022.png,500,500,semblance,182,143,360,162
022.png,500,500,semblance,202,175,349,202
022.png,500,500,semblance,253,209,418,231
022.png,500,500,semblance,269,241,421,269
022.png,500,500,semblance,321,293,357,303
022.png,500,500,semblance,368,297,449,313
022.png,500,500,semblance,344,322,495,338
022.png,500,500,semblance,353,353,500,381
022.png,500,500,semblance,389,393,500,414
022.png,500,500,semblance,401,429,500,452
022.png,500,500,semblance,399,461,430,470
022.png,500,500,semblance,442,467,500,483
023.png,500,500,semblance,144,22,212,35
023.png,500,500,semblance,121,42,274,60
023.png,500,500,semblance,132,71,280,102
023.png,500,500,semblance,220,116,280,137
023.png,500,500,semblance,199,143,350,162
023.png,500,500,semblance,208,174,357,202
023.png,500,500,semblance,257,209,420,230
023.png,500,500,semblance,275,242,424,270
023.png,500,500,semblance,366,298,447,317
023.png,500,500,semblance,341,321,500,339
023.png,500,500,semblance,360,351,486,382
023.png,500,500,semblance,391,392,500,416
023.png,500,500,semblance,412,429,500,454
023.png,500,500,semblance,441,467,500,483
024.png,500,500,semblance,143,21,218,38
024.png,500,500,semblance,128,40,277,63
024.png,500,500,semblance,141,73,282,101
024.png,500,500,semblance,224,121,294,140
024.png,500,500,semblance,200,142,350,162
024.png,500,500,semblance,216,172,356,203
024.png,500,500,semblance,259,213,420,231
024.png,500,500,semblance,283,242,427,270
024.png,500,500,semblance,370,298,439,316
024.png,500,500,semblance,354,320,498,337
024.png,500,500,semblance,359,350,500,385
024.png,500,500,semblance,399,393,500,416
024.png,500,500,semblance,415,428,500,454
024.png,500,500,semblance,452,467,500,481
025.png,500,500,semblance,150,19,209,36
025.png,500,500,semblance,131,41,268,64
025.png,500,500,semblance,143,72,286,104
025.png,500,500,semblance,231,122,295,137
025.png,500,500,semblance,205,142,347,163
025.png,500,500,semblance,214,174,363,206
025.png,500,500,semblance,270,213,412,229
025.png,500,500,semblance,279,242,431,270
025.png,500,500,semblance,377,299,434,315
025.png,500,500,semblance,356,319,492,339
025.png,500,500,semblance,364,352,495,381
025.png,500,500,semblance,408,396,500,412
025.png,500,500,semblance,417,429,500,451
025.png,500,500,semblance,456,466,500,480
026.png,500,500,semblance,143,21,215,34
026.png,500,500,semblance,134,42,263,59
026.png,500,500,semblance,139,71,287,103
026.png,500,500,semblance,228,119,283,139
026.png,500,500,semblance,205,143,350,162
026.png,500,500,semblance,216,172,356,201
026.png,500,500,semblance,266,207,407,229
026.png,500,500,semblance,279,238,428,270
026.png,500,500,semblance,370,300,436,315
026.png,500,500,semblance,356,319,490,338
026.png,500,500,semblance,368,351,500,380
026.png,500,500,semblance,393,392,500,412
026.png,500,500,semblance,415,429,500,454
026.png,500,500,semblance,447,463,500,483
027.png,500,500,semblance,137,4,231,21
027.png,500,500,semblance,128,26,270,44
027.png,500,500,semblance,144,57,289,85
027.png,500,500,semblance,229,105,284,120
027.png,500,500,semblance,210,127,334,145
027.png,500,500,semblance,221,158,365,183
027.png,500,500,semblance,267,193,403,213
027.png,500,500,semblance,289,225,416,254
027.png,500,500,semblance,379,282,433,296
027.png,500,500,semblance,353,304,483,322
027.png,500,500,semblance,366,335,500,361
027.png,500,500,semblance,405,378,500,395
027.png,500,500,semblance,420,413,500,437
027.png,500,500,semblance,455,452,500,461
028.png,500,500,semblance,134,2,225,19
028.png,500,500,semblance,88,26,273,45
028.png,500,500,semblance,135,58,287,86
028.png,500,500,semblance,167,81,282,100
028.png,500,500,semblance,210,105,296,122
028.png,500,500,semblance,183,125,360,147
028.png,500,500,semblance,215,157,357,187
028.png,500,500,semblance,247,193,427,213
028.png,500,500,semblance,278,225,427,254
028.png,500,500,semblance,317,264,429,277
028.png,500,500,semblance,347,283,438,297
028.png,500,500,semblance,337,305,492,324
028.png,500,500,semblance,362,335,500,363
028.png,500,500,semblance,372,377,500,398
028.png,500,500,semblance,410,413,500,438
028.png,500,500,semblance,424,451,500,467
029.png,500,500,semblance,135,3,218,21
029.png,500,500,semblance,118,27,279,45
029.png,500,500,semblance,145,58,292,85
029.png,500,500,semblance,173,84,274,96
029.png,500,500,semblance,202,103,307,123
029.png,500,500,semblance,188,125,366,148
029.png,500,500,semblance,219,157,362,188
029.png,500,500,semblance,257,193,415,213
029.png,500,500,semblance,285,226,431,254
029.png,500,500,semblance,326,264,429,277
029.png,500,500,semblance,364,282,444,298
029.png,500,500,semblance,344,306,494,323
029.png,500,500,semblance,373,333,500,364
029.png,500,500,semblance,389,379,500,399
029.png,500,500,semblance,420,413,500,438
029.png,500,500,semblance,437,450,500,467
030.png,500,500,semblance,126,10,205,28
030.png,500,500,semblance,118,34,269,49
030.png,500,500,semblance,141,63,283,92
030.png,500,500,semblance,205,109,283,130
030.png,500,500,semblance,186,132,342,151
030.png,500,500,semblance,217,162,356,193
030.png,500,500,semblance,250,198,403,222
030.png,500,500,semblance,274,231,422,259
030.png,500,500,semblance,348,291,431,306
030.png,500,500,semblance,331,307,489,332
030.png,500,500,semblance,367,342,500,370
030.png,500,500,semblance,383,382,500,403
030.png,500,500,semblance,415,419,500,446
030.png,500,500,semblance,437,457,500,474
031.png,500,500,semblance,137,16,212,38
031.png,500,500,semblance,119,40,276,63
031.png,500,500,semblance,128,74,261,103
031.png,500,500,semblance,221,121,279,138
031.png,500,500,semblance,195,147,355,163
031.png,500,500,semblance,209,179,337,206
031.png,500,500,semblance,257,213,417,230
031.png,500,500,semblance,271,245,394,270
031.png,500,500,semblance,379,302,437,311
031.png,500,500,semblance,341,319,500,338
031.png,500,500,semblance,357,355,483,382
031.png,500,500,semblance,391,392,500,413
031.png,500,500,semblance,405,429,500,455
031.png,500,500,semblance,448,466,500,483
032.png,500,500,semblance,137,20,208,37
032.png,500,500,semblance,114,42,276,61
032.png,500,500,semblance,135,77,260,103
032.png,500,500,semblance,205,119,283,139
032.png,500,500,semblance,192,145,355,160
032.png,500,500,semblance,205,180,333,203
032.png,500,500,semblance,242,211,416,229
032.png,500,500,semblance,267,243,397,273
032.png,500,500,semblance,366,302,433,316
032.png,500,500,semblance,339,321,496,342
032.png,500,500,semblance,349,357,490,380
032.png,500,500,semblance,385,395,500,414
032.png,500,500,semblance,407,429,500,455
032.png,500,500,semblance,428,465,500,485
033.png,500,500,semblance,128,19,205,36
033.png,500,500,semblance,110,42,278,62
033.png,500,500,semblance,129,76,267,101
033.png,500,500,semblance,208,122,277,138
033.png,500,500,semblance,189,143,350,163
033.png,500,500,semblance,205,180,329,203
033.png,500,500,semblance,253,212,411,229
033.png,500,500,semblance,261,246,402,270
033.png,500,500,semblance,350,300,426,315
033.png,500,500,semblance,334,322,492,340
033.png,500,500,semblance,350,358,477,379
033.png,500,500,semblance,370,391,500,415
033.png,500,500,semblance,404,429,500,454
033.png,500,500,semblance,428,465,500,485
034.png,500,500,semblance,134,18,212,35
034.png,500,500,semblance,112,43,273,62
034.png,500,500,semblance,138,80,274,102
034.png,500,500,semblance,209,122,282,138
034.png,500,500,semblance,197,145,350,160
034.png,500,500,semblance,208,179,334,203
034.png,500,500,semblance,257,213,413,229
034.png,500,500,semblance,277,246,400,271
034.png,500,500,semblance,364,301,426,315
034.png,500,500,semblance,342,322,496,340
034.png,500,500,semblance,362,355,486,381
034.png,500,500,semblance,390,396,500,416
034.png,500,500,semblance,410,430,500,455
034.png,500,500,semblance,438,467,500,484
035.png,500,500,semblance,146,22,202,36
035.png,500,500,semblance,121,45,266,61
035.png,500,500,semblance,134,77,253,103
035.png,500,500,semblance,216,122,270,138
035.png,500,500,semblance,191,145,340,163
035.png,500,500,semblance,217,178,331,203
035.png,500,500,semblance,260,209,408,232
035.png,500,500,semblance,304,247,400,267
035.png,500,500,semblance,369,300,421,316
035.png,500,500,semblance,344,323,490,339
035.png,500,500,semblance,365,358,477,379
035.png,500,500,semblance,390,396,500,416
035.png,500,500,semblance,410,429,500,454
035.png,500,500,semblance,443,470,499,478
036.png,500,500,semblance,139,14,205,29
036.png,500,500,semblance,118,40,263,52
036.png,500,500,semblance,137,67,283,97
036.png,500,500,semblance,212,115,277,132
036.png,500,500,semblance,189,136,339,156
036.png,500,500,semblance,225,173,327,193
036.png,500,500,semblance,263,203,401,222
036.png,500,500,semblance,303,238,392,260
036.png,500,500,semblance,368,294,428,307
036.png,500,500,semblance,341,317,490,332
036.png,500,500,semblance,391,351,478,370
036.png,500,500,semblance,396,390,500,406
036.png,500,500,semblance,445,424,500,445
036.png,500,500,semblance,447,464,491,471
037.png,500,500,semblance,124,16,197,32
037.png,500,500,semblance,112,37,270,54
037.png,500,500,semblance,134,71,279,95
037.png,500,500,semblance,201,116,281,132
037.png,500,500,semblance,192,138,336,156
037.png,500,500,semblance,208,171,347,193
037.png,500,500,semblance,249,201,411,223
037.png,500,500,semblance,276,236,414,264
037.png,500,500,semblance,350,295,426,310
037.png,500,500,semblance,331,315,485,335
037.png,500,500,semblance,360,347,493,371
037.png,500,500,semblance,386,387,500,408
037.png,500,500,semblance,415,422,500,445
037.png,500,500,semblance,425,460,500,477
038.png,500,500,semblance,135,14,208,30
038.png,500,500,semblance,108,36,265,55
038.png,500,500,semblance,141,69,273,92
038.png,500,500,semblance,199,114,274,135
038.png,500,500,semblance,183,138,341,157
038.png,500,500,semblance,220,169,344,194
038.png,500,500,semblance,250,204,400,225
038.png,500,500,semblance,284,238,412,262
038.png,500,500,semblance,344,296,429,312
038.png,500,500,semblance,337,315,489,334
038.png,500,500,semblance,366,348,494,371
038.png,500,500,semblance,385,389,500,409
038.png,500,500,semblance,415,425,500,446
038.png,500,500,semblance,434,462,500,476
039.png,500,500,semblance,137,16,209,32
039.png,500,500,semblance,119,35,267,54
039.png,500,500,semblance,145,70,284,93
039.png,500,500,semblance,209,116,279,133
039.png,500,500,semblance,189,139,337,155
039.png,500,500,semblance,221,169,355,195
039.png,500,500,semblance,250,203,412,223
039.png,500,500,semblance,287,237,418,261
039.png,500,500,semblance,363,296,431,309
039.png,500,500,semblance,342,315,493,334
039.png,500,500,semblance,373,347,500,371
039.png,500,500,semblance,379,390,500,405
039.png,500,500,semblance,417,426,500,445
039.png,500,500,semblance,438,464,500,476
040.png,500,500,semblance,128,13,196,32
040.png,500,500,semblance,112,37,263,55
040.png,500,500,semblance,146,70,275,95
040.png,500,500,semblance,202,116,274,132
040.png,500,500,semblance,186,138,337,154
040.png,500,500,semblance,218,170,350,194
040.png,500,500,semblance,248,207,402,223
040.png,500,500,semblance,280,238,412,261
040.png,500,500,semblance,349,295,422,310
040.png,500,500,semblance,334,317,486,333
040.png,500,500,semblance,364,349,500,371
040.png,500,500,semblance,381,390,500,409
040.png,500,500,semblance,417,423,500,444
040.png,500,500,semblance,427,461,495,478
041.png,500,500,semblance,105,38,231,54
041.png,500,500,semblance,108,71,212,97
041.png,500,500,semblance,170,137,309,155
041.png,500,500,semblance,187,173,299,198
041.png,500,500,semblance,223,204,345,222
041.png,500,500,semblance,223,240,339,264
041.png,500,500,semblance,278,313,405,334
041.png,500,500,semblance,290,348,395,375
041.png,500,500,semblance,341,393,473,406
041.png,500,500,semblance,348,423,460,448
042.png,500,500,semblance,122,18,173,29
042.png,500,500,semblance,106,35,232,55
042.png,500,500,semblance,114,74,224,98
042.png,500,500,semblance,210,117,254,129
042.png,500,500,semblance,192,138,315,155
042.png,500,500,semblance,198,172,305,197
042.png,500,500,semblance,225,206,357,224
042.png,500,500,semblance,243,238,349,265
042.png,500,500,semblance,295,313,418,332
042.png,500,500,semblance,302,351,415,374
042.png,500,500,semblance,353,390,483,406
042.png,500,500,semblance,368,420,472,449
043.png,500,500,semblance,129,19,161,28
043.png,500,500,semblance,94,35,230,56
043.png,500,500,semblance,115,72,215,96
043.png,500,500,semblance,181,139,307,156
043.png,500,500,semblance,201,173,299,196
043.png,500,500,semblance,224,206,350,224
043.png,500,500,semblance,237,240,342,266
043.png,500,500,semblance,277,316,414,334
043.png,500,500,semblance,300,349,402,377
043.png,500,500,semblance,347,390,475,408
043.png,500,500,semblance,357,425,463,449
044.png,500,500,semblance,105,19,141,28
044.png,500,500,semblance,69,36,201,54
044.png,500,500,semblance,91,73,195,96
044.png,500,500,semblance,158,139,286,157
044.png,500,500,semblance,178,173,272,196
044.png,500,500,semblance,196,206,323,223
044.png,500,500,semblance,214,242,319,264
044.png,500,500,semblance,291,298,324,306
044.png,500,500,semblance,256,316,386,335
044.png,500,500,semblance,276,351,376,374
044.png,500,500,semblance,317,390,447,406
044.png,500,500,semblance,336,425,443,447
045.png,500,500,semblance,92,35,221,57
045.png,500,500,semblance,121,70,214,92
045.png,500,500,semblance,184,141,304,157
045.png,500,500,semblance,205,171,292,190
045.png,500,500,semblance,231,207,345,224
045.png,500,500,semblance,247,242,334,257
045.png,500,500,semblance,290,318,399,335
045.png,500,500,semblance,307,351,399,370
045.png,500,500,semblance,351,392,469,407
045.png,500,500,semblance,366,424,460,442
046.png,500,500,semblance,118,19,163,31
046.png,500,500,semblance,92,37,223,54
046.png,500,500,semblance,115,71,212,95
046.png,500,500,semblance,190,120,245,132
046.png,500,500,semblance,167,141,301,155
046.png,500,500,semblance,195,174,295,193
046.png,500,500,semblance,218,206,342,223
046.png,500,500,semblance,239,237,334,266
046.png,500,500,semblance,309,298,341,307
046.png,500,500,semblance,282,316,403,335
046.png,500,500,semblance,306,350,395,374
046.png,500,500,semblance,345,392,477,408
046.png,500,500,semblance,362,425,460,450
046.png,500,500,semblance,415,464,447,476
047.png,500,500,semblance,108,18,153,29
047.png,500,500,semblance,88,38,213,54
047.png,500,500,semblance,105,72,212,99
047.png,500,500,semblance,192,119,235,129
047.png,500,500,semblance,164,139,302,155
047.png,500,500,semblance,192,174,290,197
047.png,500,500,semblance,212,206,342,224
047.png,500,500,semblance,235,242,332,262
047.png,500,500,semblance,302,297,341,309
047.png,500,500,semblance,269,316,395,335
047.png,500,500,semblance,295,351,399,374
047.png,500,500,semblance,330,390,466,409
047.png,500,500,semblance,353,424,460,448
047.png,500,500,semblance,404,464,435,477
048.png,500,500,semblance,118,19,160,29
048.png,500,500,semblance,92,37,246,56
048.png,500,500,semblance,108,72,216,96
048.png,500,500,semblance,196,119,250,129
048.png,500,500,semblance,177,140,304,157
048.png,500,500,semblance,198,176,298,196
048.png,500,500,semblance,218,206,344,223
048.png,500,500,semblance,243,242,341,264
048.png,500,500,semblance,306,298,350,307
048.png,500,500,semblance,279,317,411,332
048.png,500,500,semblance,304,350,399,377
048.png,500,500,semblance,343,389,470,408
048.png,500,500,semblance,366,425,460,448
048.png,500,500,semblance,417,466,441,474
049.png,500,500,semblance,112,20,161,30
049.png,500,500,semblance,82,37,241,55
049.png,500,500,semblance,107,70,235,98
049.png,500,500,semblance,199,121,245,131
049.png,500,500,semblance,171,138,319,157
049.png,500,500,semblance,194,171,317,198
049.png,500,500,semblance,207,205,366,223
049.png,500,500,semblance,237,238,359,266
049.png,500,500,semblance,296,299,351,308
049.png,500,500,semblance,272,314,430,333
049.png,500,500,semblance,295,347,422,374
049.png,500,500,semblance,332,388,484,408
049.png,500,500,semblance,357,423,476,450
049.png,500,500,semblance,402,465,451,477
050.png,500,500,semblance,104,19,156,31
050.png,500,500,semblance,80,37,228,56
050.png,500,500,semblance,105,67,233,98
050.png,500,500,semblance,184,121,237,132
050.png,500,500,semblance,160,135,315,158
050.png,500,500,semblance,184,168,314,199
050.png,500,500,semblance,198,203,355,225
050.png,500,500,semblance,229,238,356,265
050.png,500,500,semblance,288,297,341,308
050.png,500,500,semblance,266,315,419,335
050.png,500,500,semblance,289,348,413,376
050.png,500,500,semblance,327,386,486,409
050.png,500,500,semblance,357,422,474,450
050.png,500,500,semblance,395,464,446,477
051.png,500,500,semblance,1,13,135,32
051.png,500,500,semblance,1,37,123,63
051.png,500,500,semblance,1,66,137,82
051.png,500,500,semblance,7,90,138,116
051.png,500,500,semblance,60,132,190,149
051.png,500,500,semblance,85,157,199,183
051.png,500,500,semblance,111,191,235,209
051.png,500,500,semblance,157,219,274,243
051.png,500,500,semblance,210,253,326,272
051.png,500,500,semblance,263,297,372,322
051.png,500,500,semblance,278,334,401,350
051.png,500,500,semblance,320,359,434,384
051.png,500,500,semblance,351,398,473,419
051.png,500,500,semblance,388,427,500,455
052.png,500,500,semblance,1,14,121,32
052.png,500,500,semblance,1,39,119,66
052.png,500,500,semblance,1,84,134,101
052.png,500,500,semblance,26,116,157,138
052.png,500,500,semblance,82,159,207,178
052.png,500,500,semblance,131,204,244,226
052.png,500,500,semblance,157,242,288,259
052.png,500,500,semblance,191,264,308,289
052.png,500,500,semblance,255,313,374,331
052.png,500,500,semblance,298,350,422,376
052.png,500,500,semblance,341,391,474,406
052.png,500,500,semblance,382,437,500,464
053.png,500,500,semblance,1,11,118,32
053.png,500,500,semblance,1,46,116,71
053.png,500,500,semblance,10,98,151,119
053.png,500,500,semblance,66,135,190,160
053.png,500,500,semblance,100,178,230,195
053.png,500,500,semblance,146,206,270,232
053.png,500,500,semblance,179,247,314,266
053.png,500,500,semblance,238,283,362,310
053.png,500,500,semblance,298,316,432,332
053.png,500,500,semblance,325,341,444,373
053.png,500,500,semblance,366,381,500,401
053.png,500,500,semblance,407,426,500,449
054.png,500,500,semblance,1,16,109,35
054.png,500,500,semblance,1,52,110,86
054.png,500,500,semblance,1,91,154,109
054.png,500,500,semblance,70,133,193,160
054.png,500,500,semblance,116,173,254,191
054.png,500,500,semblance,187,202,301,232
054.png,500,500,semblance,214,243,355,262
054.png,500,500,semblance,298,276,419,303
054.png,500,500,semblance,337,323,475,339
054.png,500,500,semblance,382,365,500,385
054.png,500,500,semblance,398,410,500,426
054.png,500,500,semblance,425,447,500,475
055.png,500,500,semblance,4,19,97,30
055.png,500,500,semblance,19,48,129,72
055.png,500,500,semblance,56,97,141,112
055.png,500,500,semblance,91,117,198,143
055.png,500,500,semblance,152,170,244,187
055.png,500,500,semblance,223,197,319,224
055.png,500,500,semblance,243,244,334,258
055.png,500,500,semblance,315,282,412,302
055.png,500,500,semblance,352,330,426,343
055.png,500,500,semblance,391,367,488,390
055.png,500,500,semblance,394,410,484,420
055.png,500,500,semblance,434,446,500,471
056.png,500,500,semblance,15,9,124,27
056.png,500,500,semblance,50,47,168,71
056.png,500,500,semblance,61,90,154,108
056.png,500,500,semblance,117,123,229,148
056.png,500,500,semblance,153,166,273,182
056.png,500,500,semblance,220,203,324,226
056.png,500,500,semblance,276,257,354,275
056.png,500,500,semblance,327,289,428,316
056.png,500,500,semblance,361,339,443,351
056.png,500,500,semblance,394,369,494,393
056.png,500,500,semblance,410,422,490,432
056.png,500,500,semblance,441,456,500,482
057.png,500,500,semblance,19,9,176,30
057.png,500,500,semblance,52,41,182,76
057.png,500,500,semblance,80,92,221,110
057.png,500,500,semblance,129,129,253,163
057.png,500,500,semblance,164,179,309,196
057.png,500,500,semblance,231,214,346,246
057.png,500,500,semblance,266,257,408,275
057.png,500,500,semblance,303,288,432,319
057.png,500,500,semblance,335,334,473,352
057.png,500,500,semblance,369,364,493,395
057.png,500,500,semblance,383,401,500,417
057.png,500,500,semblance,418,444,500,476
058.png,500,500,semblance,51,7,193,22
058.png,500,500,semblance,73,47,213,82
058.png,500,500,semblance,82,93,216,107
058.png,500,500,semblance,126,127,248,160
058.png,500,500,semblance,147,166,273,182
058.png,500,500,semblance,200,192,319,216
058.png,500,500,semblance,234,245,370,263
058.png,500,500,semblance,284,281,407,310
058.png,500,500,semblance,332,324,469,340
058.png,500,500,semblance,357,357,485,389
058.png,500,500,semblance,380,397,500,415
058.png,500,500,semblance,404,451,500,483
059.png,500,500,semblance,44,13,152,33
059.png,500,500,semblance,59,44,175,63
059.png,500,500,semblance,138,103,184,113
059.png,500,500,semblance,137,140,239,160
059.png,500,500,semblance,201,178,254,188
059.png,500,500,semblance,218,198,313,218
059.png,500,500,semblance,282,244,332,252
059.png,500,500,semblance,306,269,398,291
059.png,500,500,semblance,364,317,415,325
059.png,500,500,semblance,373,349,460,371
059.png,500,500,semblance,417,394,476,407
059.png,500,500,semblance,430,429,500,451
060.png,500,500,semblance,50,17,160,34
060.png,500,500,semblance,58,47,181,67
060.png,500,500,semblance,94,96,179,108
060.png,500,500,semblance,142,127,231,147
060.png,500,500,semblance,198,182,250,194
060.png,500,500,semblance,244,218,329,239
060.png,500,500,semblance,308,261,371,270
060.png,500,500,semblance,333,285,413,312
060.png,500,500,semblance,377,339,429,347
060.png,500,500,semblance,397,365,493,385
060.png,500,500,semblance,430,410,488,419
060.png,500,500,semblance,440,452,500,473
061.png,500,500,semblance,1,9,138,30
061.png,500,500,semblance,1,49,125,79
061.png,500,500,semblance,1,97,163,119
061.png,500,500,semblance,35,131,173,158
061.png,500,500,semblance,51,169,226,191
061.png,500,500,semblance,129,196,268,224
061.png,500,500,semblance,135,233,291,254
061.png,500,500,semblance,229,263,348,291
061.png,500,500,semblance,233,307,393,327
061.png,500,500,semblance,296,338,430,365
061.png,500,500,semblance,326,384,491,403
061.png,500,500,semblance,383,430,500,460
062.png,500,500,semblance,1,30,122,50
062.png,500,500,semblance,2,59,126,80
062.png,500,500,semblance,1,96,148,116
062.png,500,500,semblance,43,123,182,154
062.png,500,500,semblance,70,166,229,190
062.png,500,500,semblance,146,201,274,230
062.png,500,500,semblance,151,241,329,263
062.png,500,500,semblance,232,271,356,301
062.png,500,500,semblance,228,317,389,335
062.png,500,500,semblance,298,347,417,376
062.png,500,500,semblance,326,385,485,407
062.png,500,500,semblance,372,432,500,474
063.png,500,500,semblance,1,4,119,24
063.png,500,500,semblance,1,47,132,79
063.png,500,500,semblance,1,92,191,116
063.png,500,500,semblance,1,126,188,169
063.png,500,500,semblance,51,166,210,190
063.png,500,500,semblance,123,197,257,226
063.png,500,500,semblance,125,234,303,257
063.png,500,500,semblance,218,269,360,301
063.png,500,500,semblance,237,317,404,338
063.png,500,500,semblance,303,349,419,377
063.png,500,500,semblance,332,391,489,412
063.png,500,500,semblance,374,429,500,457
064.png,500,500,semblance,1,10,124,31
064.png,500,500,semblance,1,46,135,81
064.png,500,500,semblance,1,91,164,113
064.png,500,500,semblance,42,127,185,159
064.png,500,500,semblance,62,168,228,188
064.png,500,500,semblance,116,192,257,229
064.png,500,500,semblance,142,238,307,257
064.png,500,500,semblance,216,269,362,297
064.png,500,500,semblance,252,311,420,332
064.png,500,500,semblance,334,342,465,373
064.png,500,500,semblance,360,391,500,412
064.png,500,500,semblance,385,417,500,447
064.png,500,500,semblance,382,462,500,484
065.png,500,500,semblance,1,5,100,26
065.png,500,500,semblance,1,46,120,85
065.png,500,500,semblance,1,90,155,113
065.png,500,500,semblance,14,123,200,153
065.png,500,500,semblance,82,165,260,186
065.png,500,500,semblance,168,192,317,231
065.png,500,500,semblance,176,235,368,262
065.png,500,500,semblance,201,269,430,310
065.png,500,500,semblance,312,309,492,330
065.png,500,500,semblance,348,341,500,379
065.png,500,500,semblance,362,389,500,415
065.png,500,500,semblance,402,423,500,461
065.png,500,500,semblance,419,467,500,494
066.png,500,500,semblance,1,4,163,28
066.png,500,500,semblance,19,41,156,78
066.png,500,500,semblance,38,82,206,104
066.png,500,500,semblance,86,113,219,142
066.png,500,500,semblance,129,155,290,174
066.png,500,500,semblance,191,189,323,219
066.png,500,500,semblance,232,238,402,258
066.png,500,500,semblance,300,271,425,302
066.png,500,500,semblance,319,316,475,334
066.png,500,500,semblance,360,351,498,382
066.png,500,500,semblance,398,393,500,411
066.png,500,500,semblance,409,422,500,451
066.png,500,500,semblance,409,468,500,482
066.png,500,500,semblance,435,491,500,500
067.png,500,500,semblance,19,2,207,22
067.png,500,500,semblance,41,38,203,73
067.png,500,500,semblance,43,76,254,104
067.png,500,500,semblance,94,111,248,144
067.png,500,500,semblance,129,149,326,182
067.png,500,500,semblance,192,193,344,235
067.png,500,500,semblance,223,233,426,263
067.png,500,500,semblance,256,276,444,315
067.png,500,500,semblance,309,326,494,348
067.png,500,500,semblance,357,363,500,397
067.png,500,500,semblance,379,402,500,426
067.png,500,500,semblance,409,445,500,480
067.png,500,500,semblance,424,482,500,493
068.png,500,500,semblance,31,7,179,29
068.png,500,500,semblance,66,41,185,74
068.png,500,500,semblance,57,90,212,113
068.png,500,500,semblance,113,119,243,150
068.png,500,500,semblance,139,166,283,184
068.png,500,500,semblance,214,197,323,225
068.png,500,500,semblance,232,242,380,259
068.png,500,500,semblance,300,269,413,299
068.png,500,500,semblance,316,312,457,334
068.png,500,500,semblance,364,340,489,375
068.png,500,500,semblance,383,383,500,397
068.png,500,500,semblance,412,419,500,445
069.png,500,500,semblance,29,1,179,22
069.png,500,500,semblance,35,38,184,76
069.png,500,500,semblance,42,85,204,105
069.png,500,500,semblance,105,115,243,144
069.png,500,500,semblance,146,162,303,183
069.png,500,500,semblance,200,199,328,234
069.png,500,500,semblance,235,249,395,269
069.png,500,500,semblance,289,280,428,316
069.png,500,500,semblance,320,325,458,342
069.png,500,500,semblance,372,351,499,389
069.png,500,500,semblance,386,396,500,418
069.png,500,500,semblance,402,435,500,472
070.png,500,500,semblance,57,7,188,34
070.png,500,500,semblance,69,42,209,82
070.png,500,500,semblance,75,88,219,105
070.png,500,500,semblance,105,116,245,154
070.png,500,500,semblance,145,163,278,182
070.png,500,500,semblance,194,191,334,228
070.png,500,500,semblance,216,238,380,256
070.png,500,500,semblance,285,265,423,305
070.png,500,500,semblance,325,315,462,335
070.png,500,500,semblance,369,347,500,385
070.png,500,500,semblance,380,396,500,413
070.png,500,500,semblance,409,426,500,460
070.png,500,500,semblance,464,474,500,483
071.png,500,500,semblance,1,2,148,25
071.png,500,500,semblance,1,38,143,76
071.png,500,500,semblance,1,79,148,101
071.png,500,500,semblance,29,112,199,151
071.png,500,500,semblance,43,161,205,182
071.png,500,500,semblance,94,197,245,226
071.png,500,500,semblance,141,234,292,254
071.png,500,500,semblance,186,266,371,307
071.png,500,500,semblance,222,319,386,339
071.png,500,500,semblance,295,353,435,385
071.png,500,500,semblance,328,385,479,404
071.png,500,500,semblance,360,430,500,466
072.png,500,500,semblance,1,8,141,28
072.png,500,500,semblance,1,40,131,75
072.png,500,500,semblance,1,79,165,104
072.png,500,500,semblance,19,111,190,154
072.png,500,500,semblance,54,162,238,184
072.png,500,500,semblance,96,194,262,226
072.png,500,500,semblance,135,232,306,255
072.png,500,500,semblance,183,273,343,311
072.png,500,500,semblance,221,313,399,337
072.png,500,500,semblance,273,344,433,382
072.png,500,500,semblance,316,388,494,410
072.png,500,500,semblance,350,430,500,475
073.png,500,500,semblance,1,3,136,26
073.png,500,500,semblance,1,43,144,75
073.png,500,500,semblance,1,84,165,105
073.png,500,500,semblance,17,116,179,158
073.png,500,500,semblance,51,163,212,184
073.png,500,500,semblance,83,196,244,226
073.png,500,500,semblance,127,236,297,255
073.png,500,500,semblance,177,267,348,308
073.png,500,500,semblance,235,313,385,332
073.png,500,500,semblance,276,347,448,385
073.png,500,500,semblance,320,391,481,413
073.png,500,500,semblance,363,444,500,476
074.png,500,500,semblance,1,4,141,23
074.png,500,500,semblance,1,35,135,69
074.png,500,500,semblance,1,79,141,101
074.png,500,500,semblance,23,113,184,155
074.png,500,500,semblance,34,160,204,182
074.png,500,500,semblance,88,195,248,229
074.png,500,500,semblance,134,232,290,255
074.png,500,500,semblance,216,266,370,310
074.png,500,500,semblance,255,316,403,336
074.png,500,500,semblance,323,345,473,383
074.png,500,500,semblance,362,385,500,404
074.png,500,500,semblance,384,422,500,462
075.png,500,500,semblance,1,7,104,27
075.png,500,500,semblance,1,39,120,72
075.png,500,500,semblance,1,81,147,104
075.png,500,500,semblance,22,115,183,145
075.png,500,500,semblance,71,157,243,183
075.png,500,500,semblance,163,194,322,226
075.png,500,500,semblance,195,234,369,254
075.png,500,500,semblance,258,274,423,315
075.png,500,500,semblance,307,324,461,344
075.png,500,500,semblance,350,354,496,385
075.png,500,500,semblance,388,394,500,412
075.png,500,500,semblance,391,436,500,466
076.png,500,500,semblance,1,1,156,22
076.png,500,500,semblance,6,35,145,69
076.png,500,500,semblance,42,86,198,109
076.png,500,500,semblance,98,122,238,151
076.png,500,500,semblance,155,160,304,181
076.png,500,500,semblance,193,196,338,225
076.png,500,500,semblance,252,251,394,271
076.png,500,500,semblance,284,282,422,310
076.png,500,500,semblance,329,326,477,344
076.png,500,500,semblance,363,371,489,398
076.png,500,500,semblance,386,419,500,440
076.png,500,500,semblance,390,470,500,496
077.png,500,500,semblance,1,5,169,27
077.png,500,500,semblance,23,38,176,68
077.png,500,500,semblance,32,81,189,100
077.png,500,500,semblance,77,112,219,141
077.png,500,500,semblance,126,160,272,176
077.png,500,500,semblance,206,197,355,225
077.png,500,500,semblance,240,247,394,262
077.png,500,500,semblance,273,271,414,298
077.png,500,500,semblance,307,319,438,335
077.png,500,500,semblance,349,363,487,391
077.png,500,500,semblance,382,410,500,431
077.png,500,500,semblance,389,449,500,479
078.png,500,500,semblance,18,1,208,24
078.png,500,500,semblance,47,36,200,75
078.png,500,500,semblance,66,79,238,100
078.png,500,500,semblance,79,110,251,150
078.png,500,500,semblance,135,165,312,183
078.png,500,500,semblance,201,197,338,235
078.png,500,500,semblance,214,239,390,265
078.png,500,500,semblance,264,278,447,319
078.png,500,500,semblance,323,332,476,352
078.png,500,500,semblance,366,360,500,397
078.png,500,500,semblance,390,413,500,431
078.png,500,500,semblance,382,460,500,491
079.png,500,500,semblance,41,10,156,30
079.png,500,500,semblance,44,41,197,76
079.png,500,500,semblance,57,80,242,101
079.png,500,500,semblance,79,113,272,160
079.png,500,500,semblance,124,163,294,186
079.png,500,500,semblance,177,197,330,233
079.png,500,500,semblance,234,236,376,254
079.png,500,500,semblance,251,272,436,312
079.png,500,500,semblance,313,316,465,334
079.png,500,500,semblance,336,343,485,380
079.png,500,500,semblance,354,382,500,402
079.png,500,500,semblance,385,432,500,462
080.png,500,500,semblance,14,1,89,5
080.png,500,500,semblance,48,12,182,39
080.png,500,500,semblance,56,64,206,86
080.png,500,500,semblance,110,123,246,147
080.png,500,500,semblance,135,159,281,180
080.png,500,500,semblance,186,198,322,228
080.png,500,500,semblance,218,248,372,269
080.png,500,500,semblance,285,288,429,313
080.png,500,500,semblance,330,328,454,347
080.png,500,500,semblance,380,373,498,399
080.png,500,500,semblance,378,419,500,441
080.png,500,500,semblance,398,451,500,465
080.png,500,500,semblance,410,475,500,499
081.png,500,500,semblance,1,10,132,45
081.png,500,500,semblance,2,49,129,68
081.png,500,500,semblance,8,72,136,104
081.png,500,500,semblance,20,110,173,132
081.png,500,500,semblance,71,142,207,182
081.png,500,500,semblance,85,194,255,222
081.png,500,500,semblance,169,235,301,264
081.png,500,500,semblance,217,282,341,304
081.png,500,500,semblance,275,322,404,355
081.png,500,500,semblance,297,368,451,390
081.png,500,500,semblance,366,413,495,440
081.png,500,500,semblance,361,456,500,477
082.png,500,500,semblance,1,3,132,26
082.png,500,500,semblance,1,43,107,73
082.png,500,500,semblance,1,85,152,108
082.png,500,500,semblance,17,119,194,158
082.png,500,500,semblance,50,169,221,191
082.png,500,500,semblance,104,204,251,237
082.png,500,500,semblance,143,249,332,272
082.png,500,500,semblance,215,279,326,307
082.png,500,500,semblance,237,311,382,338
082.png,500,500,semblance,268,351,420,379
082.png,500,500,semblance,304,399,479,418
082.png,500,500,semblance,379,443,491,472
083.png,500,500,semblance,1,16,123,51
083.png,500,500,semblance,1,59,129,76
083.png,500,500,semblance,9,86,170,122
083.png,500,500,semblance,49,153,236,179
083.png,500,500,semblance,123,190,266,225
083.png,500,500,semblance,129,238,307,266
083.png,500,500,semblance,223,276,341,307
083.png,500,500,semblance,235,324,416,343
083.png,500,500,semblance,307,347,451,379
083.png,500,500,semblance,325,388,500,412
083.png,500,500,semblance,369,422,500,452
083.png,500,500,semblance,377,467,500,483
084.png,500,500,semblance,1,9,121,45
084.png,500,500,semblance,1,53,131,73
084.png,500,500,semblance,7,94,148,122
084.png,500,500,semblance,20,137,205,160
084.png,500,500,semblance,106,171,235,203
084.png,500,500,semblance,121,226,288,245
084.png,500,500,semblance,234,273,369,300
084.png,500,500,semblance,274,314,438,335
084.png,500,500,semblance,338,344,466,376
084.png,500,500,semblance,359,397,500,419
084.png,500,500,semblance,388,426,500,454
084.png,500,500,semblance,411,469,500,484
085.png,500,500,semblance,1,13,113,47
085.png,500,500,semblance,1,57,121,79
085.png,500,500,semblance,1,90,135,123
085.png,500,500,semblance,17,129,176,154
085.png,500,500,semblance,115,164,263,194
085.png,500,500,semblance,164,201,332,221
085.png,500,500,semblance,234,232,362,263
085.png,500,500,semblance,273,281,435,297
085.png,500,500,semblance,340,311,470,344
085.png,500,500,semblance,379,363,500,388
085.png,500,500,semblance,398,435,500,463
086.png,500,500,semblance,12,30,166,66
086.png,500,500,semblance,35,84,186,106
086.png,500,500,semblance,88,119,219,146
086.png,500,500,semblance,131,164,285,185
086.png,500,500,semblance,198,194,326,227
086.png,500,500,semblance,231,238,391,260
086.png,500,500,semblance,290,282,425,315
086.png,500,500,semblance,331,322,481,347
086.png,500,500,semblance,360,363,494,395
086.png,500,500,semblance,381,403,500,424
086.png,500,500,semblance,397,441,500,467
087.png,500,500,semblance,34,1,177,26
087.png,500,500,semblance,51,28,207,63
087.png,500,500,semblance,66,68,251,94
087.png,500,500,semblance,113,101,269,140
087.png,500,500,semblance,135,148,315,181
087.png,500,500,semblance,165,190,385,232
087.png,500,500,semblance,230,242,416,268
087.png,500,500,semblance,294,272,444,311
087.png,500,500,semblance,320,314,500,344
087.png,500,500,semblance,335,345,500,394
087.png,500,500,semblance,391,399,500,422
087.png,500,500,semblance,406,428,500,459
087.png,500,500,semblance,395,468,500,498
088.png,500,500,semblance,51,7,205,44
088.png,500,500,semblance,38,47,228,76
088.png,500,500,semblance,82,80,235,117
088.png,500,500,semblance,97,117,262,145
088.png,500,500,semblance,152,157,305,197
088.png,500,500,semblance,178,202,372,228
088.png,500,500,semblance,249,231,405,269
088.png,500,500,semblance,269,269,443,292
088.png,500,500,semblance,280,297,484,342
088.png,500,500,semblance,335,347,500,369
088.png,500,500,semblance,373,377,500,413
088.png,500,500,semblance,389,438,500,460
089.png,500,500,semblance,49,3,204,38
089.png,500,500,semblance,37,45,215,65
089.png,500,500,semblance,81,76,223,116
089.png,500,500,semblance,85,119,240,139
089.png,500,500,semblance,159,153,301,191
089.png,500,500,semblance,175,200,348,224
089.png,500,500,semblance,254,228,407,266
089.png,500,500,semblance,269,267,435,294
089.png,500,500,semblance,317,315,492,357
089.png,500,500,semblance,346,376,500,401
089.png,500,500,semblance,378,409,500,444
089.png,500,500,semblance,377,457,500,479
090.png,500,500,semblance,63,2,210,40
090.png,500,500,semblance,61,45,233,66
090.png,500,500,semblance,94,72,210,101
090.png,500,500,semblance,101,110,268,133
090.png,500,500,semblance,153,141,293,181
090.png,500,500,semblance,169,190,305,206
090.png,500,500,semblance,236,221,382,258
090.png,500,500,semblance,266,271,419,291
090.png,500,500,semblance,285,296,479,343
090.png,500,500,semblance,366,355,477,375
090.png,500,500,semblance,395,388,500,423
090.png,500,500,semblance,417,447,500,466
091.png,500,500,semblance,1,11,110,30
091.png,500,500,semblance,1,47,98,75
091.png,500,500,semblance,1,88,132,106
091.png,500,500,semblance,27,122,144,156
091.png,500,500,semblance,65,167,211,191
091.png,500,500,semblance,129,197,235,225
091.png,500,500,semblance,140,232,290,248
091.png,500,500,semblance,199,266,319,303
091.png,500,500,semblance,227,312,373,331
091.png,500,500,semblance,300,344,409,379
091.png,500,500,semblance,352,396,456,414
091.png,500,500,semblance,373,429,486,464
092.png,500,500,semblance,1,12,87,30
092.png,500,500,semblance,1,41,102,66
092.png,500,500,semblance,1,85,124,101
092.png,500,500,semblance,23,116,162,143
092.png,500,500,semblance,69,160,213,183
092.png,500,500,semblance,114,196,233,220
092.png,500,500,semblance,148,241,301,260
092.png,500,500,semblance,213,269,326,302
092.png,500,500,semblance,238,310,375,331
092.png,500,500,semblance,306,345,423,371
092.png,500,500,semblance,347,390,458,406
092.png,500,500,semblance,376,423,491,457
093.png,500,500,semblance,1,7,113,26
093.png,500,500,semblance,2,43,119,80
093.png,500,500,semblance,10,96,137,113
093.png,500,500,semblance,51,122,160,158
093.png,500,500,semblance,68,167,203,187
093.png,500,500,semblance,135,194,242,229
093.png,500,500,semblance,160,235,285,254
093.png,500,500,semblance,223,267,324,301
093.png,500,500,semblance,283,319,370,333
093.png,500,500,semblance,305,350,415,383
093.png,500,500,semblance,338,397,469,414
093.png,500,500,semblance,375,431,480,466
094.png,500,500,semblance,1,2,87,16
094.png,500,500,semblance,1,38,94,75
094.png,500,500,semblance,9,87,113,103
094.png,500,500,semblance,36,120,150,157
094.png,500,500,semblance,75,174,222,195
094.png,500,500,semblance,132,205,243,238
094.png,500,500,semblance,176,251,300,268
094.png,500,500,semblance,247,274,330,303
094.png,500,500,semblance,244,313,388,330
094.png,500,500,semblance,315,351,422,383
094.png,500,500,semblance,332,398,483,416
094.png,500,500,semblance,386,444,495,479
095.png,500,500,semblance,1,7,86,26
095.png,500,500,semblance,1,48,98,85
095.png,500,500,semblance,16,102,126,116
095.png,500,500,semblance,76,141,191,176
095.png,500,500,semblance,138,182,247,201
095.png,500,500,semblance,200,225,335,247
095.png,500,500,semblance,278,269,389,307
095.png,500,500,semblance,331,316,435,332
095.png,500,500,semblance,353,351,466,375
095.png,500,500,semblance,391,391,488,412
095.png,500,500,semblance,399,435,500,470
096.png,500,500,semblance,1,2,107,12
096.png,500,500,semblance,10,35,126,72
096.png,500,500,semblance,17,79,177,104
096.png,500,500,semblance,93,119,203,144
096.png,500,500,semblance,140,157,277,181
096.png,500,500,semblance,185,194,305,229
096.png,500,500,semblance,252,235,385,254
096.png,500,500,semblance,304,276,413,311
096.png,500,500,semblance,313,315,442,333
096.png,500,500,semblance,367,355,473,376
096.png,500,500,semblance,388,391,500,415
096.png,500,500,semblance,411,439,500,476
097.png,500,500,semblance,42,4,156,26
097.png,500,500,semblance,53,39,167,76
097.png,500,500,semblance,66,84,186,105
097.png,500,500,semblance,115,125,219,158
097.png,500,500,semblance,154,166,273,182
097.png,500,500,semblance,185,194,327,220
097.png,500,500,semblance,219,222,397,254
097.png,500,500,semblance,271,266,410,307
097.png,500,500,semblance,298,310,456,332
097.png,500,500,semblance,370,350,488,382
097.png,500,500,semblance,396,416,500,454
098.png,500,500,semblance,8,1,179,22
098.png,500,500,semblance,53,37,166,75
098.png,500,500,semblance,57,85,217,110
098.png,500,500,semblance,118,117,220,157
098.png,500,500,semblance,135,164,296,191
098.png,500,500,semblance,191,197,354,231
098.png,500,500,semblance,217,241,370,257
098.png,500,500,semblance,275,270,406,294
098.png,500,500,semblance,263,297,469,332
098.png,500,500,semblance,348,348,475,384
098.png,500,500,semblance,384,394,498,410
098.png,500,500,semblance,390,433,500,466
099.png,500,500,semblance,20,2,184,21
099.png,500,500,semblance,35,34,167,59
099.png,500,500,semblance,51,70,194,92
099.png,500,500,semblance,74,100,210,128
099.png,500,500,semblance,110,138,260,159
099.png,500,500,semblance,163,171,279,197
099.png,500,500,semblance,208,219,369,248
099.png,500,500,semblance,271,263,394,292
099.png,500,500,semblance,276,296,443,332
099.png,500,500,semblance,306,349,473,385
099.png,500,500,semblance,360,395,500,416
099.png,500,500,semblance,394,432,500,466
100.png,500,500,semblance,37,3,175,24
100.png,500,500,semblance,41,38,169,76
100.png,500,500,semblance,66,79,225,103
100.png,500,500,semblance,105,110,229,151
100.png,500,500,semblance,171,158,291,182
100.png,500,500,semblance,208,192,322,231
100.png,500,500,semblance,269,233,403,256
100.png,500,500,semblance,299,267,406,309
100.png,500,500,semblance,348,317,457,336
100.png,500,500,semblance,361,364,498,385
100.png,500,500,semblance,390,432,500,472
101.png,500,500,semblance,1,210,104,251
101.png,500,500,semblance,13,256,107,318
101.png,500,500,semblance,73,294,135,347
102.png,500,500,semblance,1,213,102,246
102.png,500,500,semblance,19,254,108,314
102.png,500,500,semblance,69,295,129,341
103.png,500,500,semblance,1,212,92,245
103.png,500,500,semblance,14,251,98,313
103.png,500,500,semblance,52,295,124,345
104.png,500,500,semblance,1,211,85,248
104.png,500,500,semblance,12,254,94,316
104.png,500,500,semblance,42,296,117,344
105.png,500,500,semblance,1,213,81,260
105.png,500,500,semblance,9,254,92,315
105.png,500,500,semblance,46,296,116,347
106.png,500,500,semblance,1,209,81,260
106.png,500,500,semblance,2,256,91,318
106.png,500,500,semblance,32,294,117,347
107.png,500,500,semblance,1,208,73,264
107.png,500,500,semblance,6,254,85,315
107.png,500,500,semblance,35,293,113,346
108.png,500,500,semblance,1,210,53,266
108.png,500,500,semblance,1,258,76,318
108.png,500,500,semblance,53,297,105,333
109.png,500,500,semblance,1,266,73,313
109.png,500,500,semblance,44,292,102,333
110.png,500,500,semblance,2,265,68,307
110.png,500,500,semblance,50,294,101,331
111.png,500,500,semblance,46,260,149,291
111.png,500,500,semblance,355,385,489,419
112.png,500,500,semblance,47,260,141,285
112.png,500,500,semblance,37,246,106,263
112.png,500,500,semblance,346,387,479,420
113.png,500,500,semblance,47,262,132,288
113.png,500,500,semblance,17,247,98,264
113.png,500,500,semblance,343,389,473,416
114.png,500,500,semblance,42,263,138,288
114.png,500,500,semblance,345,387,476,419
115.png,500,500,semblance,37,262,126,289
115.png,500,500,semblance,342,388,474,418
116.png,500,500,semblance,35,262,126,290
116.png,500,500,semblance,5,247,86,266
116.png,500,500,semblance,1,221,81,245
116.png,500,500,semblance,337,390,494,418
117.png,500,500,semblance,1,215,84,243
117.png,500,500,semblance,1,247,81,268
117.png,500,500,semblance,32,258,125,294
117.png,500,500,semblance,329,388,443,419
118.png,500,500,semblance,4,241,91,263
118.png,500,500,semblance,32,262,114,295
118.png,500,500,semblance,321,387,435,419
119.png,500,500,semblance,26,263,110,295
119.png,500,500,semblance,319,388,431,422
120.png,500,500,semblance,23,260,112,297
120.png,500,500,semblance,8,242,92,261
120.png,500,500,semblance,1,215,72,241
120.png,500,500,semblance,307,386,433,421
121.png,500,500,semblance,1,222,109,270
121.png,500,500,semblance,40,275,135,309
122.png,500,500,semblance,1,231,95,267
122.png,500,500,semblance,38,275,127,301
123.png,500,500,semblance,1,230,89,265
123.png,500,500,semblance,37,274,126,306
124.png,500,500,semblance,1,230,87,261
124.png,500,500,semblance,29,273,120,300
125.png,500,500,semblance,1,232,84,262
125.png,500,500,semblance,1,256,76,282
125.png,500,500,semblance,26,273,124,308
126.png,500,500,semblance,1,226,85,261
126.png,500,500,semblance,1,259,69,288
126.png,500,500,semblance,26,272,111,301
126.png,500,500,semblance,393,413,457,439
127.png,500,500,semblance,1,233,69,259
127.png,500,500,semblance,1,255,58,283
127.png,500,500,semblance,12,274,114,311
128.png,500,500,semblance,1,225,75,255
128.png,500,500,semblance,1,256,62,287
128.png,500,500,semblance,22,274,111,311
129.png,500,500,semblance,1,234,54,251
129.png,500,500,semblance,1,257,50,286
129.png,500,500,semblance,16,276,98,310
129.png,500,500,semblance,367,413,441,435
130.png,500,500,semblance,1,235,46,253
130.png,500,500,semblance,1,256,56,282
130.png,500,500,semblance,15,276,89,304
130.png,500,500,semblance,348,405,446,437
131.png,500,500,semblance,59,232,163,269
131.png,500,500,semblance,116,275,197,305
132.png,500,500,semblance,57,234,160,269
132.png,500,500,semblance,118,276,189,299
133.png,500,500,semblance,54,233,161,269
133.png,500,500,semblance,110,276,188,305
134.png,500,500,semblance,52,233,153,268
134.png,500,500,semblance,110,276,182,307
135.png,500,500,semblance,48,232,151,267
135.png,500,500,semblance,69,257,144,284
135.png,500,500,semblance,102,275,186,308
136.png,500,500,semblance,47,232,144,268
136.png,500,500,semblance,63,256,138,291
136.png,500,500,semblance,104,276,182,310
137.png,500,500,semblance,44,234,138,268
137.png,500,500,semblance,60,257,133,285
137.png,500,500,semblance,105,277,169,310
138.png,500,500,semblance,42,233,132,269
138.png,500,500,semblance,53,257,132,291
138.png,500,500,semblance,98,276,169,311
138.png,500,500,semblance,376,408,463,437
139.png,500,500,semblance,38,232,129,263
139.png,500,500,semblance,48,256,133,292
139.png,500,500,semblance,96,277,161,310
139.png,500,500,semblance,360,401,463,437
140.png,500,500,semblance,36,232,121,262
140.png,500,500,semblance,44,257,127,294
140.png,500,500,semblance,90,277,155,316
140.png,500,500,semblance,357,404,454,439
141.png,500,500,semblance,93,200,191,224
141.png,500,500,semblance,121,218,195,240
141.png,500,500,semblance,125,238,227,303
142.png,500,500,semblance,86,199,188,224
142.png,500,500,semblance,107,218,188,244
142.png,500,500,semblance,129,236,222,288
143.png,500,500,semblance,81,199,184,225
143.png,500,500,semblance,105,219,187,243
143.png,500,500,semblance,132,236,217,282
144.png,500,500,semblance,69,199,177,222
144.png,500,500,semblance,101,217,181,246
144.png,500,500,semblance,123,235,214,282
145.png,500,500,semblance,69,199,173,224
145.png,500,500,semblance,98,218,176,246
145.png,500,500,semblance,126,238,207,282
146.png,500,500,semblance,66,201,165,224
146.png,500,500,semblance,89,219,173,244
146.png,500,500,semblance,122,238,207,284
147.png,500,500,semblance,69,203,148,219
147.png,500,500,semblance,88,216,169,247
147.png,500,500,semblance,116,240,197,284
148.png,500,500,semblance,65,203,148,222
148.png,500,500,semblance,82,218,166,251
148.png,500,500,semblance,111,238,190,288
149.png,500,500,semblance,62,204,139,221
149.png,500,500,semblance,80,219,158,247
149.png,500,500,semblance,116,239,191,285
150.png,500,500,semblance,66,204,132,223
150.png,500,500,semblance,70,221,152,248
150.png,500,500,semblance,114,244,185,286
151.png,500,500,semblance,162,161,282,188
151.png,500,500,semblance,166,201,309,235
151.png,500,500,semblance,224,233,322,247
152.png,500,500,semblance,146,161,276,188
152.png,500,500,semblance,157,207,299,235
152.png,500,500,semblance,212,237,323,247
153.png,500,500,semblance,135,163,276,187
153.png,500,500,semblance,150,207,292,231
153.png,500,500,semblance,209,235,319,246
154.png,500,500,semblance,129,163,264,187
154.png,500,500,semblance,144,201,298,233
155.png,500,500,semblance,132,164,259,189
155.png,500,500,semblance,136,203,295,234
156.png,500,500,semblance,126,164,260,194
156.png,500,500,semblance,131,204,287,236
157.png,500,500,semblance,127,165,252,195
157.png,500,500,semblance,119,202,282,237
158.png,500,500,semblance,131,165,235,195
158.png,500,500,semblance,126,201,281,235
159.png,500,500,semblance,132,165,229,196
159.png,500,500,semblance,154,201,276,232
160.png,500,500,semblance,122,163,227,196
160.png,500,500,semblance,151,201,272,232
161.png,500,500,semblance,165,153,301,175
161.png,500,500,semblance,175,185,336,216
162.png,500,500,semblance,159,152,296,172
162.png,500,500,semblance,173,189,335,219
164.png,500,500,semblance,159,154,287,179
164.png,500,500,semblance,158,189,319,221
165.png,500,500,semblance,159,157,286,180
165.png,500,500,semblance,151,191,316,219
166.png,500,500,semblance,157,156,279,179
166.png,500,500,semblance,173,190,310,224
167.png,500,500,semblance,154,156,263,179
167.png,500,500,semblance,180,188,303,221
168.png,500,500,semblance,155,156,255,182
168.png,500,500,semblance,179,188,296,226
169.png,500,500,semblance,152,154,248,185
169.png,500,500,semblance,177,190,294,226
170.png,500,500,semblance,140,154,250,184
170.png,500,500,semblance,173,189,287,226
171.png,500,500,semblance,160,157,296,181
171.png,500,500,semblance,166,191,332,224
172.png,500,500,semblance,150,157,288,180
172.png,500,500,semblance,157,194,316,222
173.png,500,500,semblance,147,156,292,182
173.png,500,500,semblance,157,193,326,230
174.png,500,500,semblance,133,157,278,182
174.png,500,500,semblance,151,194,313,227
175.png,500,500,semblance,138,156,280,190
175.png,500,500,semblance,144,192,307,228
176.png,500,500,semblance,150,157,263,185
176.png,500,500,semblance,157,194,302,226
177.png,500,500,semblance,149,157,256,188
177.png,500,500,semblance,164,192,294,229
178.png,500,500,semblance,147,159,244,191
178.png,500,500,semblance,169,194,285,230
179.png,500,500,semblance,139,159,244,191
179.png,500,500,semblance,174,192,285,237
180.png,500,500,semblance,133,159,244,191
180.png,500,500,semblance,166,194,283,235
181.png,500,500,semblance,157,153,275,183
181.png,500,500,semblance,121,188,358,226
181.png,500,500,semblance,231,210,323,239
182.png,500,500,semblance,141,157,253,184
182.png,500,500,semblance,140,191,319,222
182.png,500,500,semblance,239,214,326,240
183.png,500,500,semblance,144,158,254,185
183.png,500,500,semblance,145,190,333,218
183.png,500,500,semblance,225,210,320,239
184.png,500,500,semblance,125,161,253,185
184.png,500,500,semblance,161,190,322,216
184.png,500,500,semblance,223,213,308,241
185.png,500,500,semblance,139,158,243,185
185.png,500,500,semblance,116,192,344,219
185.png,500,500,semblance,221,210,307,240
186.png,500,500,semblance,132,163,238,185
186.png,500,500,semblance,168,189,299,216
186.png,500,500,semblance,221,211,295,238
187.png,500,500,semblance,130,159,237,182
187.png,500,500,semblance,149,188,310,217
187.png,500,500,semblance,219,210,296,238
188.png,500,500,semblance,123,163,226,185
188.png,500,500,semblance,162,189,299,217
188.png,500,500,semblance,216,207,288,238
189.png,500,500,semblance,123,161,222,185
189.png,500,500,semblance,148,191,288,213
189.png,500,500,semblance,201,212,279,240
190.png,500,500,semblance,119,160,221,185
190.png,500,500,semblance,159,191,286,216
190.png,500,500,semblance,204,212,278,238
191.png,500,500,semblance,157,161,269,191
191.png,500,500,semblance,160,207,302,238
192.png,500,500,semblance,150,163,264,194
192.png,500,500,semblance,150,207,295,237
193.png,500,500,semblance,142,166,257,193
193.png,500,500,semblance,142,210,288,241
194.png,500,500,semblance,144,165,256,194
194.png,500,500,semblance,148,208,286,239
195.png,500,500,semblance,137,163,248,189
195.png,500,500,semblance,135,210,279,239
196.png,500,500,semblance,128,163,244,195
196.png,500,500,semblance,139,204,285,238
197.png,500,500,semblance,127,165,243,196
197.png,500,500,semblance,148,205,279,239
198.png,500,500,semblance,129,166,227,197
198.png,500,500,semblance,154,204,273,235
199.png,500,500,semblance,119,167,233,198
199.png,500,500,semblance,149,204,269,233
200.png,500,500,semblance,118,166,235,201
200.png,500,500,semblance,147,202,266,234
201.png,500,500,semblance,41,221,97,249
201.png,500,500,semblance,129,256,243,299
202.png,500,500,semblance,123,260,241,297
203.png,500,500,semblance,120,258,221,296
203.png,500,500,semblance,432,388,500,422
204.png,500,500,semblance,108,264,229,295
204.png,500,500,semblance,416,386,500,424
205.png,500,500,semblance,113,262,210,297
206.png,500,500,semblance,105,263,206,296
206.png,500,500,semblance,421,385,500,422
207.png,500,500,semblance,101,263,194,298
207.png,500,500,semblance,419,388,500,422
208.png,500,500,semblance,98,264,197,294
208.png,500,500,semblance,407,388,500,426
209.png,500,500,semblance,92,266,189,297
209.png,500,500,semblance,401,388,500,424
210.png,500,500,semblance,91,265,188,299
210.png,500,500,semblance,392,390,500,422
211.png,500,500,semblance,132,262,252,306
212.png,500,500,semblance,127,262,240,308
213.png,500,500,semblance,122,260,232,304
214.png,500,500,semblance,118,266,219,304
215.png,500,500,semblance,115,263,223,304
216.png,500,500,semblance,112,264,212,309
216.png,500,500,semblance,434,391,500,430
217.png,500,500,semblance,104,266,200,304
217.png,500,500,semblance,441,394,500,426
218.png,500,500,semblance,104,267,190,306
218.png,500,500,semblance,435,391,500,434
219.png,500,500,semblance,99,271,196,304
219.png,500,500,semblance,422,395,500,431
220.png,500,500,semblance,92,269,180,305
220.png,500,500,semblance,417,395,500,427
221.png,500,500,semblance,127,247,226,285
222.png,500,500,semblance,112,251,226,286
223.png,500,500,semblance,113,251,219,285
224.png,500,500,semblance,110,251,215,286
225.png,500,500,semblance,109,252,207,284
226.png,500,500,semblance,103,251,192,287
227.png,500,500,semblance,102,254,190,288
228.png,500,500,semblance,90,258,191,288
229.png,500,500,semblance,91,256,183,291
230.png,500,500,semblance,88,258,176,288
231.png,500,500,semblance,138,276,261,314
232.png,500,500,semblance,136,274,249,313
233.png,500,500,semblance,132,278,251,316
234.png,500,500,semblance,126,274,234,316
235.png,500,500,semblance,122,279,244,319
236.png,500,500,semblance,119,276,222,319
237.png,500,500,semblance,113,277,214,316
238.png,500,500,semblance,107,274,215,320
239.png,500,500,semblance,112,279,212,320
240.png,500,500,semblance,105,277,192,320
241.png,500,500,semblance,125,247,232,278
242.png,500,500,semblance,117,249,216,281
243.png,500,500,semblance,106,247,213,278
244.png,500,500,semblance,108,249,212,280
245.png,500,500,semblance,99,249,202,279
246.png,500,500,semblance,104,251,194,282
247.png,500,500,semblance,100,249,186,283
248.png,500,500,semblance,95,249,184,282
249.png,500,500,semblance,91,250,181,281
250.png,500,500,semblance,81,251,192,280
251.png,500,500,semblance,203,171,341,195
251.png,500,500,semblance,269,198,371,221
251.png,500,500,semblance,280,222,448,258
252.png,500,500,semblance,188,176,341,195
252.png,500,500,semblance,253,200,367,222
252.png,500,500,semblance,285,219,444,249
252.png,500,500,semblance,325,295,405,322
253.png,500,500,semblance,211,174,301,192
253.png,500,500,semblance,260,198,369,218
253.png,500,500,semblance,293,223,437,248
253.png,500,500,semblance,330,294,400,320
254.png,500,500,semblance,194,172,324,194
254.png,500,500,semblance,263,199,351,220
254.png,500,500,semblance,282,222,430,248
254.png,500,500,semblance,326,297,398,320
255.png,500,500,semblance,200,173,288,193
255.png,500,500,semblance,260,201,351,217
255.png,500,500,semblance,279,223,426,249
256.png,500,500,semblance,280,223,419,249
256.png,500,500,semblance,195,176,291,195
257.png,500,500,semblance,191,172,282,196
257.png,500,500,semblance,282,222,419,252
258.png,500,500,semblance,189,159,286,198
258.png,500,500,semblance,279,219,404,251
259.png,500,500,semblance,191,157,306,194
259.png,500,500,semblance,282,223,400,250
259.png,500,500,semblance,305,297,390,323
260.png,500,500,semblance,283,226,378,247
260.png,500,500,semblance,191,158,272,197
261.png,500,500,semblance,182,168,385,197
261.png,500,500,semblance,288,197,393,222
261.png,500,500,semblance,313,222,441,246
262.png,500,500,semblance,179,172,381,195
262.png,500,500,semblance,276,197,386,220
262.png,500,500,semblance,300,220,440,247
263.png,500,500,semblance,179,172,366,192
263.png,500,500,semblance,268,198,384,226
263.png,500,500,semblance,291,222,426,247
264.png,500,500,semblance,169,169,351,196
264.png,500,500,semblance,273,198,374,225
264.png,500,500,semblance,285,222,429,249
265.png,500,500,semblance,166,170,356,197
265.png,500,500,semblance,272,198,369,226
265.png,500,500,semblance,291,220,430,249
266.png,500,500,semblance,159,172,349,197
266.png,500,500,semblance,261,197,369,223
266.png,500,500,semblance,287,218,429,247
267.png,500,500,semblance,161,169,332,195
267.png,500,500,semblance,266,201,357,219
267.png,500,500,semblance,289,222,424,245
268.png,500,500,semblance,160,172,326,191
268.png,500,500,semblance,254,195,355,232
268.png,500,500,semblance,282,220,426,248
269.png,500,500,semblance,158,169,309,197
269.png,500,500,semblance,264,197,340,232
269.png,500,500,semblance,283,222,416,249
270.png,500,500,semblance,151,170,298,195
270.png,500,500,semblance,245,197,342,233
270.png,500,500,semblance,294,218,408,244
271.png,500,500,semblance,227,188,344,213
271.png,500,500,semblance,290,216,463,256
271.png,500,500,semblance,385,247,488,276
272.png,500,500,semblance,219,184,326,218
272.png,500,500,semblance,156,94,269,115
272.png,500,500,semblance,282,215,459,257
272.png,500,500,semblance,385,251,484,278
273.png,500,500,semblance,115,91,280,115
273.png,500,500,semblance,157,135,251,154
273.png,500,500,semblance,182,154,347,170
273.png,500,500,semblance,206,190,352,220
273.png,500,500,semblance,276,216,457,262
273.png,500,500,semblance,369,248,482,278
274.png,500,500,semblance,117,92,263,116
274.png,500,500,semblance,145,129,272,169
274.png,500,500,semblance,188,184,344,222
274.png,500,500,semblance,273,215,444,263
274.png,500,500,semblance,371,241,491,281
275.png,500,500,semblance,94,89,258,127
275.png,500,500,semblance,141,135,273,169
275.png,500,500,semblance,204,185,316,219
275.png,500,500,semblance,266,215,439,260
275.png,500,500,semblance,374,249,485,282
276.png,500,500,semblance,99,93,229,128
276.png,500,500,semblance,129,135,244,153
276.png,500,500,semblance,169,153,319,172
276.png,500,500,semblance,191,188,326,221
276.png,500,500,semblance,243,216,440,262
276.png,500,500,semblance,363,251,480,289
277.png,500,500,semblance,101,91,228,132
277.png,500,500,semblance,130,135,220,159
277.png,500,500,semblance,168,148,298,175
277.png,500,500,semblance,191,190,316,223
277.png,500,500,semblance,252,212,428,263
277.png,500,500,semblance,373,243,481,283
278.png,500,500,semblance,107,132,228,156
278.png,500,500,semblance,160,148,300,179
278.png,500,500,semblance,198,190,298,219
278.png,500,500,semblance,265,216,422,257
278.png,500,500,semblance,374,247,469,288
279.png,500,500,semblance,104,128,213,160
279.png,500,500,semblance,157,150,289,177
279.png,500,500,semblance,188,188,309,219
279.png,500,500,semblance,250,218,423,262
279.png,500,500,semblance,365,249,466,283
280.png,500,500,semblance,108,128,209,156
280.png,500,500,semblance,148,155,268,171
280.png,500,500,semblance,179,187,301,226
280.png,500,500,semblance,246,216,410,262
280.png,500,500,semblance,366,247,460,283
281.png,500,500,semblance,226,162,388,188
281.png,500,500,semblance,260,197,396,227
281.png,500,500,semblance,335,218,450,247
282.png,500,500,semblance,229,160,385,188
282.png,500,500,semblance,264,196,381,229
282.png,500,500,semblance,338,217,444,244
283.png,500,500,semblance,218,161,363,182
283.png,500,500,semblance,255,199,372,227
283.png,500,500,semblance,328,222,434,241
284.png,500,500,semblance,223,165,350,185
284.png,500,500,semblance,253,196,373,229
284.png,500,500,semblance,317,219,438,245
285.png,500,500,semblance,204,161,348,185
285.png,500,500,semblance,239,176,370,202
285.png,500,500,semblance,241,191,379,228
285.png,500,500,semblance,304,219,435,243
286.png,500,500,semblance,210,162,332,186
286.png,500,500,semblance,232,180,362,197
286.png,500,500,semblance,238,195,380,228
286.png,500,500,semblance,299,218,429,244
287.png,500,500,semblance,244,177,354,197
287.png,500,500,semblance,248,195,371,223
287.png,500,500,semblance,301,219,425,241
288.png,500,500,semblance,248,177,352,199
288.png,500,500,semblance,244,198,369,226
288.png,500,500,semblance,290,219,421,244
289.png,500,500,semblance,241,177,342,201
289.png,500,500,semblance,252,194,363,221
289.png,500,500,semblance,289,219,414,246
290.png,500,500,semblance,237,178,347,201
290.png,500,500,semblance,246,199,357,225
290.png,500,500,semblance,285,219,409,247
291.png,500,500,semblance,201,141,336,167
291.png,500,500,semblance,187,172,367,195
291.png,500,500,semblance,270,196,386,216
291.png,500,500,semblance,304,220,409,247
291.png,500,500,semblance,372,286,444,316
292.png,500,500,semblance,209,138,326,167
292.png,500,500,semblance,204,170,356,194
292.png,500,500,semblance,279,197,374,219
292.png,500,500,semblance,300,220,404,247
293.png,500,500,semblance,209,141,321,167
293.png,500,500,semblance,183,169,357,197
293.png,500,500,semblance,276,194,371,219
293.png,500,500,semblance,290,222,404,246
294.png,500,500,semblance,189,172,338,194
294.png,500,500,semblance,274,198,359,216
294.png,500,500,semblance,296,225,392,245
295.png,500,500,semblance,191,174,328,195
295.png,500,500,semblance,273,198,366,216
295.png,500,500,semblance,296,223,398,247
296.png,500,500,semblance,170,173,338,195
296.png,500,500,semblance,269,197,355,218
296.png,500,500,semblance,292,222,385,247
296.png,500,500,semblance,355,288,428,319
297.png,500,500,semblance,163,173,334,197
297.png,500,500,semblance,266,198,349,219
297.png,500,500,semblance,279,223,377,246
297.png,500,500,semblance,352,291,423,317
298.png,500,500,semblance,163,172,326,198
298.png,500,500,semblance,257,199,345,219
298.png,500,500,semblance,284,223,375,244
298.png,500,500,semblance,340,294,417,316
299.png,500,500,semblance,157,171,302,197
299.png,500,500,semblance,263,197,333,216
299.png,500,500,semblance,291,223,370,244
300.png,500,500,semblance,156,176,293,196
300.png,500,500,semblance,257,198,335,216
300.png,500,500,semblance,281,222,371,241
300.png,500,500,semblance,344,288,409,316
301.png,500,500,semblance,69,141,201,176
301.png,500,500,semblance,61,216,223,264
301.png,500,500,semblance,144,297,227,335
301.png,500,500,semblance,189,342,266,385
301.png,500,500,semblance,272,374,319,392
302.png,500,500,semblance,60,139,198,179
302.png,500,500,semblance,63,219,224,262
302.png,500,500,semblance,138,294,237,340
302.png,500,500,semblance,191,338,283,376
302.png,500,500,semblance,263,371,324,398
303.png,500,500,semblance,63,211,209,266
303.png,500,500,semblance,128,294,220,343
303.png,500,500,semblance,54,147,119,183
304.png,500,500,semblance,54,144,111,180
304.png,500,500,semblance,55,216,207,268
304.png,500,500,semblance,130,298,230,346
304.png,500,500,semblance,177,343,269,382
304.png,500,500,semblance,254,372,329,394
305.png,500,500,semblance,52,144,112,179
305.png,500,500,semblance,55,222,190,263
305.png,500,500,semblance,127,304,223,344
305.png,500,500,semblance,173,345,260,379
305.png,500,500,semblance,254,369,314,395
306.png,500,500,semblance,44,143,123,179
306.png,500,500,semblance,47,222,191,266
306.png,500,500,semblance,120,304,218,351
306.png,500,500,semblance,175,341,268,381
306.png,500,500,semblance,260,372,307,393
307.png,500,500,semblance,41,154,98,176
307.png,500,500,semblance,46,226,164,265
307.png,500,500,semblance,115,306,194,347
308.png,500,500,semblance,31,150,94,181
308.png,500,500,semblance,41,222,154,265
308.png,500,500,semblance,79,297,199,358
308.png,500,500,semblance,162,338,268,382
309.png,500,500,semblance,42,220,135,263
309.png,500,500,semblance,85,299,188,353
309.png,500,500,semblance,177,341,260,385
309.png,500,500,semblance,255,396,306,407
310.png,500,500,semblance,38,225,97,263
310.png,500,500,semblance,110,298,181,349
311.png,500,500,semblance,35,126,232,166
311.png,500,500,semblance,73,160,216,196
311.png,500,500,semblance,79,219,212,263
311.png,500,500,semblance,132,304,185,357
311.png,500,500,semblance,225,370,289,407
311.png,500,500,semblance,320,422,382,441
312.png,500,500,semblance,44,127,229,163
312.png,500,500,semblance,72,162,194,194
312.png,500,500,semblance,81,216,209,260
312.png,500,500,semblance,123,306,183,357
312.png,500,500,semblance,226,372,273,399
312.png,500,500,semblance,317,421,373,446
313.png,500,500,semblance,33,124,214,166
313.png,500,500,semblance,55,160,197,201
313.png,500,500,semblance,65,218,199,261
313.png,500,500,semblance,79,296,203,375
313.png,500,500,semblance,216,379,310,412
313.png,500,500,semblance,318,419,372,441
314.png,500,500,semblance,35,126,190,166
314.png,500,500,semblance,57,161,180,194
314.png,500,500,semblance,66,219,199,260
314.png,500,500,semblance,68,303,199,372
314.png,500,500,semblance,220,375,279,403
314.png,500,500,semblance,311,418,368,444
315.png,500,500,semblance,34,131,173,165
315.png,500,500,semblance,54,161,171,193
315.png,500,500,semblance,59,222,186,261
315.png,500,500,semblance,68,296,199,375
315.png,500,500,semblance,227,377,270,401
315.png,500,500,semblance,308,422,363,442
316.png,500,500,semblance,32,128,169,165
316.png,500,500,semblance,48,165,163,198
316.png,500,500,semblance,53,222,185,261
316.png,500,500,semblance,66,294,192,378
316.png,500,500,semblance,222,376,269,400
316.png,500,500,semblance,304,417,362,441
317.png,500,500,semblance,31,135,157,167
317.png,500,500,semblance,47,163,144,192
317.png,500,500,semblance,53,219,163,260
317.png,500,500,semblance,59,303,186,373
317.png,500,500,semblance,225,379,271,401
317.png,500,500,semblance,301,419,358,445
318.png,500,500,semblance,31,135,118,161
318.png,500,500,semblance,41,168,129,191
318.png,500,500,semblance,52,217,129,264
318.png,500,500,semblance,63,300,191,376
318.png,500,500,semblance,303,421,351,444
319.png,500,500,semblance,13,135,131,165
319.png,500,500,semblance,41,167,129,192
319.png,500,500,semblance,47,219,150,264
319.png,500,500,semblance,56,294,188,381
319.png,500,500,semblance,222,377,289,414
319.png,500,500,semblance,301,422,350,445
320.png,500,500,semblance,19,138,128,163
320.png,500,500,semblance,32,169,117,201
320.png,500,500,semblance,40,216,135,262
320.png,500,500,semblance,56,293,184,379
320.png,500,500,semblance,208,378,288,413
320.png,500,500,semblance,296,419,341,444
